fes_enrollment_id,fes_revision_identifier,enrollment_update_ts,dealer_name,pacode,country,dealer_status,product_name,sku_name,product_key,sku_key,product_and_sku_key,sku_type,brand_type,brand_name,enrollment_type,enrollment_status,enrollment_secondary_status,quantity,one_time_fee,monthly_fee,annual_fee,fields,enrollment_ts,activation_ts,termination_ts,termination_reason,primary_contact_name,primary_contact_title,primary_contact_phone,primary_contact_email,create_user,create_epoch,create_ts,update_user,update_epoch,update_ts,file_date
FES00051,REV51,2025-10-02T10:23:11.000Z,Metro Auto Hub,PA0051,India,Open,CRM,CRM-Standard,CRM100,CRM100-ST,CRM100-ST,Standard,Rooftop,Ford,New,Enrolled,Active,1,5000,1200,14400,{},2025-10-01T09:30:00.000Z,2025-10-01T10:00:00.000Z,null,null,Rohit Mehra,Manager,+91-9876500051,rohit.mehta51@dealer.in,system,1759400001,2025-10-01 09:30:00,system,1759403001,2025-10-02 10:23:11,2025-10-02
FES00052,REV52,2025-10-03T11:40:55.000Z,Prime Motors,PA0052,India,Open,CRM,CRM-Pro,CRM100,CRM100-PR,CRM100-PR,Pro,Dual,Ford,New,Enrolled,Active,1,5000,1400,16800,{},2025-10-02T09:15:00.000Z,2025-10-02T10:10:00.000Z,null,null,Anuj Sharma,Director,+91-9876500052,anuj.sharma52@dealer.in,system,1759486501,2025-10-02 09:15:00,system,1759490455,2025-10-03 11:40:55,2025-10-03
FES00053,REV53,2025-10-04T14:05:22.000Z,Galaxy Auto World,PA0053,India,Open,CRM,CRM-Standard,CRM100,CRM100-ST,CRM100-ST,Standard,Lincoln,Lincoln,Upgrade,Enrolled,Active,1,5000,1300,15600,{},2025-10-03T10:00:00.000Z,2025-10-03T11:00:00.000Z,null,null,Sneha Rao,Lead,+91-9876500053,sneha.rao53@dealer.in,system,1759572000,2025-10-03 10:00:00,system,1759662922,2025-10-04 14:05:22,2025-10-04
FES00054,REV54,2025-10-05T12:33:49.000Z,Royal Wheels,PA0054,India,Open,CRM,CRM-Pro,CRM100,CRM100-PR,CRM100-PR,Pro,Rooftop,Ford,Renewal,Enrolled,Active,1,5000,1500,18000,{},2025-10-04T09:50:00.000Z,2025-10-04T10:20:00.000Z,null,null,Karan Patel,Manager,+91-9876500054,karan.patel54@dealer.in,system,1759657800,2025-10-04 09:50:00,system,1759747429,2025-10-05 12:33:49,2025-10-05
FES00055,REV55,2025-10-06T15:45:11.000Z,Speedline Motors,PA0055,India,Open,CRM,CRM-Enterprise,CRM100,CRM100-EN,CRM100-EN,Enterprise,Dual,Ford,New,Enrolled,Active,1,6000,1800,21600,{},2025-10-05T11:10:00.000Z,2025-10-05T11:45:00.000Z,null,null,Vikas Jain,GM,+91-9876500055,vikas.jain55@dealer.in,system,1759749600,2025-10-05 11:10:00,system,1759835711,2025-10-06 15:45:11,2025-10-06
FES00056,REV56,2025-10-07T13:18:40.000Z,City Auto Plaza,PA0056,India,Open,CRM,CRM-Standard,CRM100,CRM100-ST,CRM100-ST,Standard,Rooftop,Ford,New,Enrolled,Active,1,5000,1200,14400,{},2025-10-06T10:15:00.000Z,2025-10-06T10:50:00.000Z,null,null,Pooja Singh,Supervisor,+91-9876500056,pooja.singh56@dealer.in,system,1759834500,2025-10-06 10:15:00,system,1759922920,2025-10-07 13:18:40,2025-10-07
FES00057,REV57,2025-10-08T16:22:58.000Z,Heritage Motors,PA0057,India,Open,CRM,CRM-Pro,CRM100,CRM100-PR,CRM100-PR,Pro,Lincoln,Lincoln,Upgrade,Enrolled,Active,1,5000,1400,16800,{},2025-10-07T12:05:00.000Z,2025-10-07T13:00:00.000Z,null,null,Rhea Malhotra,Lead,+91-9876500057,rhea.mal57@dealer.in,system,1759927500,2025-10-07 12:05:00,system,1760007778,2025-10-08 16:22:58,2025-10-08
FES00058,REV58,2025-10-09T11:49:36.000Z,Infinity Auto Mall,PA0058,India,Open,CRM,CRM-Enterprise,CRM100,CRM100-EN,CRM100-EN,Enterprise,Dual,Ford,New,Enrolled,Active,1,6000,1800,21600,{},2025-10-08T09:30:00.000Z,2025-10-08T10:00:00.000Z,null,null,Deepak Nair,Manager,+91-9876500058,deepak.nair58@dealer.in,system,1760005200,2025-10-08 09:30:00,system,1760091576,2025-10-09 11:49:36,2025-10-09
FES00059,REV59,2025-10-10T13:30:13.000Z,SuperDrive Motors,PA0059,India,Open,CRM,CRM-Pro,CRM100,CRM100-PR,CRM100-PR,Pro,Rooftop,Ford,Renewal,Enrolled,Active,1,5000,1400,16800,{},2025-10-09T10:00:00.000Z,2025-10-09T10:40:00.000Z,null,null,Megha Arora,Manager,+91-9876500059,megha.arora59@dealer.in,system,1760093400,2025-10-09 10:00:00,system,1760175613,2025-10-10 13:30:13,2025-10-10
FES00060,REV60,2025-10-11T09:22:05.000Z,Urban Garage,PA0060,India,Open,CRM,CRM-Standard,CRM100,CRM100-ST,CRM100-ST,Standard,Lincoln,Lincoln,New,Enrolled,Active,1,5000,1200,14400,{},2025-10-10T09:00:00.000Z,2025-10-10T09:40:00.000Z,null,null,Tarun Batra,Lead,+91-9876500060,tarun.batra60@dealer.in,system,1760172600,2025-10-10 09:00:00,system,1760254325,2025-10-11 09:22:05,2025-10-11
FES00061,REV61,2025-10-12T11:14:40.000Z,Everest Auto Zone,PA0061,India,Open,CRM,CRM-Standard,CRM100,CRM100-ST,CRM100-ST,Standard,Rooftop,Ford,New,Enrolled,Active,1,5000,1200,14400,{},2025-10-11T10:20:00.000Z,2025-10-11T10:55:00.000Z,null,null,Rahul Verma,Manager,+91-9876500061,rahul.verma61@dealer.in,system,1760254800,2025-10-11 10:20:00,system,1760341480,2025-10-12 11:14:40,2025-10-12
FES00062,REV62,2025-10-13T10:55:55.000Z,Orbit Motors,PA0062,India,Open,CRM,CRM-Pro,CRM100,CRM100-PR,CRM100-PR,Pro,Dual,Ford,Upgrade,Enrolled,Active,1,5000,1400,16800,{},2025-10-12T09:40:00.000Z,2025-10-12T10:15:00.000Z,null,null,Simran Kaur,Director,+91-9876500062,simran.kaur62@dealer.in,system,1760341800,2025-10-12 09:40:00,system,1760429155,2025-10-13 10:55:55,2025-10-13
FES00063,REV63,2025-10-14T14:44:10.000Z,Velocity Cars,PA0063,India,Open,CRM,CRM-Enterprise,CRM100,CRM100-EN,CRM100-EN,Enterprise,Lincoln,Lincoln,New,Enrolled,Active,1,6000,1800,21600,{},2025-10-13T11:00:00.000Z,2025-10-13T11:45:00.000Z,null,null,Aditya Sharma,GM,+91-9876500063,aditya.sharma63@dealer.in,system,1760429400,2025-10-13 11:00:00,system,1760520250,2025-10-14 14:44:10,2025-10-14
FES00064,REV64,2025-10-15T16:30:33.000Z,Excel Auto Hub,PA0064,India,Open,CRM,CRM-Standard,CRM100,CRM100-ST,CRM100-ST,Standard,Rooftop,Ford,Renewal,Enrolled,Active,1,5000,1200,14400,{},2025-10-14T10:40:00.000Z,2025-10-14T11:10:00.000Z,null,null,Kritika Joshi,Manager,+91-9876500064,kritika.j64@dealer.in,system,1760512200,2025-10-14 10:40:00,system,1760601633,2025-10-15 16:30:33,2025-10-15
FES00065,REV65,2025-10-16T09:18:29.000Z,BlueStar Motors,PA0065,India,Open,CRM,CRM-Pro,CRM100,CRM100-PR,CRM100-PR,Pro,Dual,Ford,New,Enrolled,Active,1,5000,1400,16800,{},2025-10-15T08:30:00.000Z,2025-10-15T09:05:00.000Z,null,null,Naveen Gupta,Lead,+91-9876500065,nav.gupta65@dealer.in,system,1760593800,2025-10-15 08:30:00,system,1760676509,2025-10-16 09:18:29,2025-10-16
FES00066,REV66,2025-10-17T11:49:51.000Z,AutoX World,PA0066,India,Open,CRM,CRM-Enterprise,CRM100,CRM100-EN,CRM100-EN,Enterprise,Rooftop,Ford,Upgrade,Enrolled,Active,1,6000,1800,21600,{},2025-10-16T10:00:00.000Z,2025-10-16T10:40:00.000Z,null,null,Shreya Malhotra,Manager,+91-9876500066,shreya.m66@dealer.in,system,1760676000,2025-10-16 10:00:00,system,1760762391,2025-10-17 11:49:51,2025-10-17
FES00067,REV67,2025-10-18T13:40:22.000Z,Redline Garage,PA0067,India,Open,CRM,CRM-Standard,CRM100,CRM100-ST,CRM100-ST,Standard,Lincoln,Lincoln,New,Enrolled,Active,1,5000,1200,14400,{},2025-10-17T09:15:00.000Z,2025-10-17T09:55:00.000Z,null,null,Harsh Taneja,Manager,+91-9876500067,harsh.t67@dealer.in,system,1760759700,2025-10-17 09:15:00,system,1760849422,2025-10-18 13:40:22,2025-10-18
FES00068,REV68,2025-10-19T10:27:18.000Z,Omni Autos,PA0068,India,Open,CRM,CRM-Pro,CRM100,CRM100-PR,CRM100-PR,Pro,Rooftop,Ford,Renewal,Enrolled,Active,1,5000,1400,16800,{},2025-10-18T08:40:00.000Z,2025-10-18T09:10:00.000Z,null,null,Sanya Bhatia,Supervisor,+91-9876500068,sanya.b68@dealer.in,system,1760841000,2025-10-18 08:40:00,system,1760924238,2025-10-19 10:27:18,2025-10-19
FES00069,REV69,2025-10-20T12:11:59.000Z,Turbo Auto Mall,PA0069,India,Open,CRM,CRM-Enterprise,CRM100,CRM100-EN,CRM100-EN,Enterprise,Dual,Ford,New,Enrolled,Active,1,6000,1800,21600,{},2025-10-19T09:10:00.000Z,2025-10-19T09:50:00.000Z,null,null,Lakshya Kapoor,Director,+91-9876500069,lakshya.k69@dealer.in,system,1760925600,2025-10-19 09:10:00,system,1761013319,2025-10-20 12:11:59,2025-10-20
FES00070,REV70,2025-10-21T15:00:42.000Z,DriveMax Auto,PA0070,India,Open,CRM,CRM-Standard,CRM100,CRM100-ST,CRM100-ST,Standard,Rooftop,Ford,New,Enrolled,Active,1,5000,1200,14400,{},2025-10-20T10:30:00.000Z,2025-10-20T11:00:00.000Z,null,null,Tanvi Mehta,Manager,+91-9876500070,tanvi.m70@dealer.in,system,1761013800,2025-10-20 10:30:00,system,1761103242,2025-10-21 15:00:42,2025-10-21
FES00071,REV71,2025-10-22T11:20:10.000Z,Modern Motors,PA0071,India,Open,CRM,CRM-Pro,CRM100,CRM100-PR,CRM100-PR,Pro,Lincoln,Lincoln,Upgrade,Enrolled,Active,1,5000,1400,16800,{},2025-10-21T09:20:00.000Z,2025-10-21T09:55:00.000Z,null,null,Devika Nair,Lead,+91-9876500071,devika.n71@dealer.in,system,1761095400,2025-10-21 09:20:00,system,1761183010,2025-10-22 11:20:10,2025-10-22
FES00072,REV72,2025-10-23T14:55:33.000Z,Elite Auto Park,PA0072,India,Open,CRM,CRM-Enterprise,CRM100,CRM100-EN,CRM100-EN,Enterprise,Rooftop,Ford,New,Enrolled,Active,1,6000,1800,21600,{},2025-10-22T11:00:00.000Z,2025-10-22T11:40:00.000Z,null,null,Sahil Verma,GM,+91-9876500072,sahil.v72@dealer.in,system,1761181800,2025-10-22 11:00:00,system,1761272733,2025-10-23 14:55:33,2025-10-23
FES00073,REV73,2025-10-24T09:33:18.000Z,AutoHive Showroom,PA0073,India,Open,CRM,CRM-Standard,CRM100,CRM100-ST,CRM100-ST,Standard,Dual,Ford,Renewal,Enrolled,Active,1,5000,1200,14400,{},2025-10-23T08:30:00.000Z,2025-10-23T09:00:00.000Z,null,null,Shivangi Taneja,Manager,+91-9876500073,shivangi.t73@dealer.in,system,1761265800,2025-10-23 08:30:00,system,1761349998,2025-10-24 09:33:18,2025-10-24
FES00074,REV74,2025-10-25T13:27:40.000Z,AutoSphere India,PA0074,India,Open,CRM,CRM-Pro,CRM100,CRM100-PR,CRM100-PR,Pro,Rooftop,Ford,New,Enrolled,Active,1,5000,1400,16800,{},2025-10-24T10:50:00.000Z,2025-10-24T11:20:00.000Z,null,null,Puneet Arora,Supervisor,+91-9876500074,puneet.a74@dealer.in,system,1761347400,2025-10-24 10:50:00,system,1761434260,2025-10-25 13:27:40,2025-10-25
FES00075,REV75,2025-10-26T16:40:55.000Z,Global Auto Mart,PA0075,India,Open,CRM,CRM-Enterprise,CRM100,CRM100-EN,CRM100-EN,Enterprise,Lincoln,Lincoln,Upgrade,Enrolled,Active,1,6000,1800,21600,{},2025-10-25T12:30:00.000Z,2025-10-25T13:00:00.000Z,null,null,Aarav Khanna,Director,+91-9876500075,aarav.k75@dealer.in,system,1761433200,2025-10-25 12:30:00,system,1761522055,2025-10-26 16:40:55,2025-10-26
FES00076,REV76,2025-10-27T11:29:48.000Z,MetroDrive Motors,PA0076,India,Open,CRM,CRM-Standard,CRM100,CRM100-ST,CRM100-ST,Standard,Rooftop,Ford,New,Enrolled,Active,1,5000,1200,14400,{},2025-10-26T09:20:00.000Z,2025-10-26T10:00:00.000Z,null,null,Manish Sood,Manager,+91-9876500076,manish.s76@dealer.in,system,1761514200,2025-10-26 09:20:00,system,1761595788,2025-10-27 11:29:48,2025-10-27
FES00077,REV77,2025-10-28T10:55:14.000Z,Alpha Motors,PA0077,India,Open,CRM,CRM-Pro,CRM100,CRM100-PR,CRM100-PR,Pro,Dual,Ford,Renewal,Enrolled,Active,1,5000,1400,16800,{},2025-10-27T08:15:00.000Z,2025-10-27T08:45:00.000Z,null,null,Niharika Jain,Lead,+91-9876500077,niharika.j77@dealer.in,system,1761591300,2025-10-27 08:15:00,system,1761674114,2025-10-28 10:55:14,2025-10-28
FES00078,REV78,2025-10-29T14:40:33.000Z,RapidRide Autos,PA0078,India,Open,CRM,CRM-Enterprise,CRM100,CRM100-EN,CRM100-EN,Enterprise,Lincoln,Lincoln,New,Enrolled,Active,1,6000,1800,21600,{},2025-10-28T11:00:00.000Z,2025-10-28T11:30:00.000Z,null,null,Surbhi Khatri,GM,+91-9876500078,surbhi.k78@dealer.in,system,1761677400,2025-10-28 11:00:00,system,1761764433,2025-10-29 14:40:33,2025-10-29
FES00079,REV79,2025-10-30T09:18:20.000Z,UrbanAuto Showroom,PA0079,India,Open,CRM,CRM-Standard,CRM100,CRM100-ST,CRM100-ST,Standard,Rooftop,Ford,Upgrade,Enrolled,Active,1,5000,1200,14400,{},2025-10-29T08:30:00.000Z,2025-10-29T09:05:00.000Z,null,null,Ritika Khurana,Manager,+91-9876500079,ritika.k79@dealer.in,system,1761765000,2025-10-29 08:30:00,system,1761844100,2025-10-30 09:18:20,2025-10-30
FES00080,REV80,2025-10-31T13:33:49.000Z,AutoPrime India,PA0080,India,Open,CRM,CRM-Pro,CRM100,CRM100-PR,CRM100-PR,Pro,Dual,Ford,New,Enrolled,Active,1,5000,1400,16800,{},2025-10-30T10:10:00.000Z,2025-10-30T10:45:00.000Z,null,null,Samarth Bedi,Supervisor,+91-9876500080,samarth.b80@dealer.in,system,1761847800,2025-10-30 10:10:00,system,1761933829,2025-10-31 13:33:49,2025-10-31
FES00081,REV81,2025-11-01T11:29:40.000Z,AutoEdge Motors,PA0081,India,Open,CRM,CRM-Enterprise,CRM100,CRM100-EN,CRM100-EN,Enterprise,Lincoln,Lincoln,New,Enrolled,Active,1,6000,1800,21600,{},2025-10-31T09:00:00.000Z,2025-10-31T09:35:00.000Z,null,null,Ishita Malhotra,Manager,+91-9876500081,ishita.m81@dealer.in,system,1761930000,2025-10-31 09:00:00,system,1762015180,2025-11-01 11:29:40,2025-11-01
FES00082,REV82,2025-11-02T10:45:20.000Z,Cityline Motors,PA0082,India,Open,CRM,CRM-Standard,CRM100,CRM100-ST,CRM100-ST,Standard,Rooftop,Ford,Upgrade,Enrolled,Active,1,5000,1200,14400,{},2025-11-01T09:10:00.000Z,2025-11-01T09:50:00.000Z,null,null,Prerna Gupta,Lead,+91-9876500082,prerna.g82@dealer.in,system,1762014600,2025-11-01 09:10:00,system,1762096520,2025-11-02 10:45:20,2025-11-02
FES00083,REV83,2025-11-03T14:55:10.000Z,Velocity Hub,PA0083,India,Open,CRM,CRM-Pro,CRM100,CRM100-PR,CRM100-PR,Pro,Dual,Ford,New,Enrolled,Active,1,5000,1400,16800,{},2025-11-02T10:20:00.000Z,2025-11-02T10:55:00.000Z,null,null,Kunal Sachdeva,Manager,+91-9876500083,kunal.s83@dealer.in,system,1762098000,2025-11-02 10:20:00,system,1762190710,2025-11-03 14:55:10,2025-11-03
FES00084,REV84,2025-11-04T12:33:44.000Z,Apex Auto Mall,PA0084,India,Open,CRM,CRM-Enterprise,CRM100,CRM100-EN,CRM100-EN,Enterprise,Rooftop,Ford,Renewal,Enrolled,Active,1,6000,1800,21600,{},2025-11-03T09:30:00.000Z,2025-11-03T10:15:00.000Z,null,null,Reyansh Mehta,Director,+91-9876500084,reyansh.m84@dealer.in,system,1762181400,2025-11-03 09:30:00,system,1762265024,2025-11-04 12:33:44,2025-11-04
FES00085,REV85,2025-11-05T15:44:33.000Z,DriveHub India,PA0085,India,Open,CRM,CRM-Standard,CRM100,CRM100-ST,CRM100-ST,Standard,Dual,Ford,New,Enrolled,Active,1,5000,1200,14400,{},2025-11-04T11:15:00.000Z,2025-11-04T11:45:00.000Z,null,null,Siddharth Vohra,Manager,+91-9876500085,sid.v85@dealer.in,system,1762264500,2025-11-04 11:15:00,system,1762353873,2025-11-05 15:44:33,2025-11-05
FES00086,REV86,2025-11-06T10:55:12.000Z,Autotek India,PA0086,India,Open,CRM,CRM-Pro,CRM100,CRM100-PR,CRM100-PR,Pro,Rooftop,Ford,Upgrade,Enrolled,Active,1,5000,1400,16800,{},2025-11-05T09:40:00.000Z,2025-11-05T10:20:00.000Z,null,null,Shradha Kapoor,Lead,+91-9876500086,shradha.k86@dealer.in,system,1762354200,2025-11-05 09:40:00,system,1762436112,2025-11-06 10:55:12,2025-11-06
FES00087,REV87,2025-11-07T14:40:55.000Z,ProDrive Motors,PA0087,India,Open,CRM,CRM-Enterprise,CRM100,CRM100-EN,CRM100-EN,Enterprise,Lincoln,Lincoln,New,Enrolled,Active,1,6000,1800,21600,{},2025-11-06T10:15:00.000Z,2025-11-06T10:55:00.000Z,null,null,Rajeev Batra,Manager,+91-9876500087,rajeev.b87@dealer.in,system,1762434300,2025-11-06 10:15:00,system,1762523455,2025-11-07 14:40:55,2025-11-07
FES00088,REV88,2025-11-08T13:55:33.000Z,AutoVista,PA0088,India,Open,CRM,CRM-Standard,CRM100,CRM100-ST,CRM100-ST,Standard,Rooftop,Ford,Renewal,Enrolled,Active,1,5000,1200,14400,{},2025-11-07T09:30:00.000Z,2025-11-07T10:10:00.000Z,null,null,Shivam Arora,Supervisor,+91-9876500088,shivam.a88@dealer.in,system,1762523400,2025-11-07 09:30:00,system,1762607133,2025-11-08 13:55:33,2025-11-08
FES00089,REV89,2025-11-09T16:20:22.000Z,MetroAuto Service,PA0089,India,Open,CRM,CRM-Pro,CRM100,CRM100-PR,CRM100-PR,Pro,Dual,Ford,New,Enrolled,Active,1,5000,1400,16800,{},2025-11-08T10:45:00.000Z,2025-11-08T11:15:00.000Z,null,null,Reema Sethi,Lead,+91-9876500089,reema.s89@dealer.in,system,1762608300,2025-11-08 10:45:00,system,1762695022,2025-11-09 16:20:22,2025-11-09
FES00090,REV90,2025-11-10T10:32:49.000Z,CarMaxx India,PA0090,India,Open,CRM,CRM-Enterprise,CRM100,CRM100-EN,CRM100-EN,Enterprise,Lincoln,Lincoln,Upgrade,Enrolled,Active,1,6000,1800,21600,{},2025-11-09T09:00:00.000Z,2025-11-09T09:40:00.000Z,null,null,Anant Oberoi,Manager,+91-9876500090,anant.o90@dealer.in,system,1762690200,2025-11-09 09:00:00,system,1762779769,2025-11-10 10:32:49,2025-11-10
FES00091,REV91,2025-11-11T12:10:44.000Z,Nexa Motors,PA0091,India,Open,CRM,CRM-Standard,CRM100,CRM100-ST,CRM100-ST,Standard,Rooftop,Ford,New,Enrolled,Active,1,5000,1200,14400,{},2025-11-10T10:15:00.000Z,2025-11-10T10:50:00.000Z,null,null,Aditi Khanna,Manager,+91-9876500091,aditi.k91@dealer.in,system,1762779300,2025-11-10 10:15:00,system,1762866044,2025-11-11 12:10:44,2025-11-11
FES00092,REV92,2025-11-12T15:33:51.000Z,PrimeAuto Hub,PA0092,India,Open,CRM,CRM-Pro,CRM100,CRM100-PR,CRM100-PR,Pro,Dual,Ford,Upgrade,Enrolled,Active,1,5000,1400,16800,{},2025-11-11T11:20:00.000Z,2025-11-11T12:00:00.000Z,null,null,Karan Bhandari,Lead,+91-9876500092,karan.b92@dealer.in,system,1762866600,2025-11-11 11:20:00,system,1762955031,2025-11-12 15:33:51,2025-11-12
FES00093,REV93,2025-11-13T10:45:18.000Z,GoldenWheel Autos,PA0093,India,Open,CRM,CRM-Enterprise,CRM100,CRM100-EN,CRM100-EN,Enterprise,Lincoln,Lincoln,New,Enrolled,Active,1,6000,1800,21600,{},2025-11-12T09:45:00.000Z,2025-11-12T10:30:00.000Z,null,null,Tara D'Souza,Manager,+91-9876500093,tara.d93@dealer.in,system,1762956300,2025-11-12 09:45:00,system,1763036718,2025-11-13 10:45:18,2025-11-13
FES00094,REV94,2025-11-14T13:59:40.000Z,UrbanRide India,PA0094,India,Open,CRM,CRM-Standard,CRM100,CRM100-ST,CRM100-ST,Standard,Rooftop,Ford,Renewal,Enrolled,Active,1,5000,1200,14400,{},2025-11-13T10:20:00.000Z,2025-11-13T11:00:00.000Z,null,null,Arjun Kapoor,Supervisor,+91-9876500094,arjun.k94@dealer.in,system,1763035800,2025-11-13 10:20:00,system,1763122780,2025-11-14 13:59:40,2025-11-14
FES00095,REV95,2025-11-15T11:30:55.000Z,AutoTown India,PA0095,India,Open,CRM,CRM-Pro,CRM100,CRM100-PR,CRM100-PR,Pro,Dual,Ford,New,Enrolled,Active,1,5000,1400,16800,{},2025-11-14T09:25:00.000Z,2025-11-14T10:00:00.000Z,null,null,Sonia Dhawan,Lead,+91-9876500095,sonia.d95@dealer.in,system,1763121900,2025-11-14 09:25:00,system,1763205655,2025-11-15 11:30:55,2025-11-15
FES00096,REV96,2025-11-16T09:40:33.000Z,AutoStreet Motors,PA0096,India,Open,CRM,CRM-Enterprise,CRM100,CRM100-EN,CRM100-EN,Enterprise,Lincoln,Lincoln,New,Enrolled,Active,1,6000,1800,21600,{},2025-11-15T08:30:00.000Z,2025-11-15T09:10:00.000Z,null,null,Gaurav Malhotra,Director,+91-9876500096,gaurav.m96@dealer.in,system,1763205000,2025-11-15 08:30:00,system,1763292633,2025-11-16 09:40:33,2025-11-16
FES00097,REV97,2025-11-17T14:20:22.000Z,AutoNova India,PA0097,India,Open,CRM,CRM-Standard,CRM100,CRM100-ST,CRM100-ST,Standard,Rooftop,Ford,Upgrade,Enrolled,Active,1,5000,1200,14400,{},2025-11-16T09:45:00.000Z,2025-11-16T10:20:00.000Z,null,null,Vishal Thakur,Manager,+91-9876500097,vishal.t97@dealer.in,system,1763295900,2025-11-16 09:45:00,system,1763385622,2025-11-17 14:20:22,2025-11-17
FES00098,REV98,2025-11-18T11:05:14.000Z,AutoCity Showroom,PA0098,India,Open,CRM,CRM-Pro,CRM100,CRM100-PR,CRM100-PR,Pro,Dual,Ford,Renewal,Enrolled,Active,1,5000,1400,16800,{},2025-11-17T08:50:00.000Z,2025-11-17T09:30:00.000Z,null,null,Meera Chopra,Lead,+91-9876500098,meera.c98@dealer.in,system,1763385000,2025-11-17 08:50:00,system,1763463914,2025-11-18 11:05:14,2025-11-18
FES00099,REV99,2025-11-19T15:40:50.000Z,AutoMatrix India,PA0099,India,Open,CRM,CRM-Enterprise,CRM100,CRM100-EN,CRM100-EN,Enterprise,Lincoln,Lincoln,New,Enrolled,Active,1,6000,1800,21600,{},2025-11-18T10:30:00.000Z,2025-11-18T11:10:00.000Z,null,null,Anusha Khurana,GM,+91-9876500099,anusha.k99@dealer.in,system,1763467800,2025-11-18 10:30:00,system,1763553650,2025-11-19 15:40:50,2025-11-19
FES00100,REV100,2025-11-20T12:29:10.000Z,CarPlanet India,PA0100,India,Open,CRM,CRM-Standard,CRM100,CRM100-ST,CRM100-ST,Standard,Rooftop,Ford,New,Enrolled,Active,1,5000,1200,14400,{},2025-11-19T09:30:00.000Z,2025-11-19T10:00:00.000Z,null,null,Tanmay Bansal,Manager,+91-9876500100,tanmay.b100@dealer.in,system,1763554200,2025-11-19 09:30:00,system,1763638150,2025-11-20 12:29:10,2025-11-20
FES20001,REV1,2025-10-02T10:20:00.000Z,Sunrise Motors,PA001,India,Open,CRM,CRM-Basic,CRM001,CRM-SKU01,CRM001-CRM-SKU01,Tier,Ford,Ford,New Enrollment,Enrolled,Active,1,5000,200,2400,{},2025-10-01T09:10:00.000Z,2025-10-02T10:00:00.000Z,null,null,"Rahul Verma,Sales Head,9876543210,rahul@sunrise.com",system,1717200001,2025-10-02 10:15:00,system,1717201200,2025-10-02 10:20:00,2025-10-02,null,null,null
FES20002,REV2,2025-10-02T15:45:00.000Z,Metro Auto Hub,PA002,India,Open,CRM,CRM-Standard,CRM002,CRM-SKU02,CRM002-CRM-SKU02,Add-on,Lincoln,Lincoln,New Enrollment,Enrolled,Active,1,7000,300,3600,{},2025-10-01T14:00:00.000Z,2025-10-02T15:30:00.000Z,null,null,"Neha Gupta,GM,9123456780,neha@metroauto.com",system,1717205000,2025-10-02 15:40:00,system,1717206300,2025-10-02 15:45:00,2025-10-02,null,null,null
FES20003,REV1,2025-10-03T11:05:00.000Z,Prime Wheels,PA003,India,Open,CRM,CRM-Basic,CRM001,CRM-SKU01,CRM001-CRM-SKU01,Tier,Dual,Ford,New Enrollment,Enrolled,Active,1,5000,200,2400,{},2025-10-02T10:30:00.000Z,2025-10-03T11:00:00.000Z,null,null,"Rajesh Singh,Director,9001234567,rajesh@primewheels.com",system,1717290000,2025-10-03 10:55:00,system,1717290300,2025-10-03 11:05:00,2025-10-03,null,null,null
FES20004,REV1,2025-10-04T14:10:00.000Z,DriveNow Motors,PA004,India,Open,CRM,CRM-Standard,CRM002,CRM-SKU02,CRM002-CRM-SKU02,Tier,Lincoln,Lincoln,New Enrollment,Enrolled,Active,1,7000,300,3600,{},2025-10-03T13:30:00.000Z,2025-10-04T14:00:00.000Z,null,null,"Arun Mehta,Sales Lead,9812345678,arun@drivenow.com",system,1717375400,2025-10-04 14:05:00,system,1717375800,2025-10-04 14:10:00,2025-10-04,null,null,null
FES20005,REV2,2025-10-05T09:50:00.000Z,Royal Auto Works,PA005,India,Open,CRM,CRM-Basic,CRM001,CRM-SKU01,CRM001-CRM-SKU01,Add-on,Ford,Ford,New Enrollment,Enrolled,Active,1,5000,200,2400,{},2025-10-04T08:30:00.000Z,2025-10-05T09:40:00.000Z,null,null,"Sanjay Rao,Owner,9555123456,sanjay@royalauto.com",system,1717461000,2025-10-05 09:45:00,system,1717461300,2025-10-05 09:50:00,2025-10-05,null,null,null
FES20006,REV3,2025-10-06T16:25:00.000Z,Galaxy Motors,PA006,India,Open,CRM,CRM-Standard,CRM002,CRM-SKU02,CRM002-CRM-SKU02,Tier,Dual,Lincoln,New Enrollment,Enrolled,Active,1,7000,300,3600,{},2025-10-05T15:10:00.000Z,2025-10-06T16:10:00.000Z,null,null,"Pooja Sharma,Manager,9876501234,pooja@galaxymotors.com",system,1717548000,2025-10-06 16:20:00,system,1717548300,2025-10-06 16:25:00,2025-10-06,null,null,null
FES20007,REV1,2025-10-07T10:30:00.000Z,Velocity Auto,PA007,India,Open,CRM,CRM-Basic,CRM001,CRM-SKU01,CRM001-CRM-SKU01,Tier,Rooftop,Ford,New Enrollment,Enrolled,Active,1,5000,200,2400,{},2025-10-06T09:20:00.000Z,2025-10-07T10:20:00.000Z,null,null,"Amit Yadav,Sales Lead,9823001122,amit@velocityauto.com",system,1717635000,2025-10-07 10:25:00,system,1717635300,2025-10-07 10:30:00,2025-10-07,null,null,null
FES20008,REV1,2025-10-08T13:10:00.000Z,AutoNation India,PA008,India,Open,CRM,CRM-Standard,CRM002,CRM-SKU02,CRM002-CRM-SKU02,Add-on,Lincoln,Ford,New Enrollment,Enrolled,Active,1,7000,300,3600,{},2025-10-07T12:00:00.000Z,2025-10-08T13:00:00.000Z,null,null,"Deepak Kumar,Head-Sales,9212345670,deepak@autonation.com",system,1717721400,2025-10-08 13:05:00,system,1717721700,2025-10-08 13:10:00,2025-10-08,null,null,null
FES20009,REV2,2025-10-09T11:00:00.000Z,AutoPoint Motors,PA009,India,Open,CRM,CRM-Basic,CRM001,CRM-SKU01,CRM001-CRM-SKU01,Tier,Dual,Lincoln,New Enrollment,Enrolled,Active,1,5000,200,2400,{},2025-10-08T09:50:00.000Z,2025-10-09T10:50:00.000Z,null,null,"Naveen Patil,Director,9090909090,naveen@autopoint.com",system,1717807800,2025-10-09 10:55:00,system,1717808100,2025-10-09 11:00:00,2025-10-09,null,null,null
FES20010,REV1,2025-10-10T15:40:00.000Z,SuperDrive India,PA010,India,Open,CRM,CRM-Standard,CRM002,CRM-SKU02,CRM002-CRM-SKU02,Tier,Ford,Ford,New Enrollment,Enrolled,Active,1,7000,300,3600,{},2025-10-09T14:30:00.000Z,2025-10-10T15:20:00.000Z,null,null,"Vikram Shah,GM,9811198765,vikram@superdrive.com",system,1717893600,2025-10-10 15:35:00,system,1717893900,2025-10-10 15:40:00,2025-10-10,null,null,null
FES20011,REV1,2025-10-11T10:10:00.000Z,Elite Motors,PA011,India,Open,CRM,CRM-Basic,CRM001,CRM-SKU01,CRM001-CRM-SKU01,Tier,Lincoln,Ford,New Enrollment,Enrolled,Active,1,5000,200,2400,{},2025-10-10T09:00:00.000Z,2025-10-11T10:00:00.000Z,null,null,"Sameer Kulkarni,Manager,9822211133,sameer@elitemotors.com",system,1717977000,2025-10-11 10:05:00,system,1717977300,2025-10-11 10:10:00,2025-10-11,null,null,null
FES20012,REV2,2025-10-12T12:30:00.000Z,Star Auto Plaza,PA012,India,Open,CRM,CRM-Standard,CRM002,CRM-SKU02,CRM002-CRM-SKU02,Add-on,Dual,Lincoln,New Enrollment,Enrolled,Active,1,7000,300,3600,{},2025-10-11T10:50:00.000Z,2025-10-12T12:20:00.000Z,null,null,"Harish Nair,GM,9812344440,harish@starauto.com",system,1718063400,2025-10-12 12:25:00,system,1718063700,2025-10-12 12:30:00,2025-10-12,null,null,null
FES20013,REV1,2025-10-13T16:05:00.000Z,Cityline Motors,PA013,India,Open,CRM,CRM-Basic,CRM001,CRM-SKU01,CRM001-CRM-SKU01,Tier,Ford,Ford,New Enrollment,Enrolled,Active,1,5000,200,2400,{},2025-10-12T14:40:00.000Z,2025-10-13T15:55:00.000Z,null,null,"Abhishek Taneja,Sales Head,9877700001,abhishek@cityline.com",system,1718149500,2025-10-13 16:00:00,system,1718149800,2025-10-13 16:05:00,2025-10-13,null,null,null
FES20014,REV1,2025-10-14T11:15:00.000Z,Empire Auto,PA014,India,Open,CRM,CRM-Standard,CRM002,CRM-SKU02,CRM002-CRM-SKU02,Tier,Lincoln,Lincoln,New Enrollment,Enrolled,Active,1,7000,300,3600,{},2025-10-13T09:50:00.000Z,2025-10-14T11:00:00.000Z,null,null,"Kiran Sharma,Sales Manager,9811133344,kiran@empireauto.com",system,1718234100,2025-10-14 11:10:00,system,1718234400,2025-10-14 11:15:00,2025-10-14,null,null,null
FES20015,REV3,2025-10-15T13:20:00.000Z,NextGen Auto Mall,PA015,India,Open,CRM,CRM-Basic,CRM001,CRM-SKU01,CRM001-CRM-SKU01,Add-on,Dual,Ford,New Enrollment,Enrolled,Active,1,5000,200,2400,{},2025-10-14T12:10:00.000Z,2025-10-15T13:10:00.000Z,null,null,"Rohit Deshmukh,Head-Sales,9822455667,rohit@nextgenauto.com",system,1718320800,2025-10-15 13:15:00,system,1718321100,2025-10-15 13:20:00,2025-10-15,null,null,null
FES20016,REV1,2025-10-16T10:05:00.000Z,Bright Motors,PA016,India,Open,CRM,CRM-Standard,CRM002,CRM-SKU02,CRM002-CRM-SKU02,Tier,Ford,Lincoln,New Enrollment,Enrolled,Active,1,7000,300,3600,{},2025-10-15T08:40:00.000Z,2025-10-16T09:50:00.000Z,null,null,"Ajay Shetty,Director,9899988776,ajay@brightmotors.com",system,1718406300,2025-10-16 10:00:00,system,1718406600,2025-10-16 10:05:00,2025-10-16,null,null,null
FES20017,REV2,2025-10-17T14:50:00.000Z,Highway Auto World,PA017,India,Open,CRM,CRM-Basic,CRM001,CRM-SKU01,CRM001-CRM-SKU01,Tier,Lincoln,Ford,New Enrollment,Enrolled,Active,1,5000,200,2400,{},2025-10-16T13:30:00.000Z,2025-10-17T14:40:00.000Z,null,null,"Suresh Raina,GM,9888776654,suresh@highwayauto.com",system,1718491800,2025-10-17 14:45:00,system,1718492100,2025-10-17 14:50:00,2025-10-17,null,null,null
FES20018,REV1,2025-10-18T09:35:00.000Z,AutoHub India,PA018,India,Open,CRM,CRM-Standard,CRM002,CRM-SKU02,CRM002-CRM-SKU02,Add-on,Ford,Lincoln,New Enrollment,Enrolled,Active,1,7000,300,3600,{},2025-10-17T08:20:00.000Z,2025-10-18T09:25:00.000Z,null,null,"Nitin Kapoor,Sales Executive,9877554433,nitin@autohub.com",system,1718573700,2025-10-18 09:30:00,system,1718574000,2025-10-18 09:35:00,2025-10-18,null,null,null
FES20019,REV1,2025-10-19T12:00:00.000Z,Luxe Motors,PA019,India,Open,CRM,CRM-Basic,CRM001,CRM-SKU01,CRM001-CRM-SKU01,Tier,Dual,Ford,New Enrollment,Enrolled,Active,1,5000,200,2400,{},2025-10-18T10:50:00.000Z,2025-10-19T11:40:00.000Z,null,null,"Tarun Puri,Sales Manager,9811188222,tarun@luxemotors.com",system,1718660000,2025-10-19 11:55:00,system,1718660400,2025-10-19 12:00:00,2025-10-19,null,null,null
FES20020,REV4,2025-10-20T16:40:00.000Z,MaxRide Motors,PA020,India,Open,CRM,CRM-Standard,CRM002,CRM-SKU02,CRM002-CRM-SKU02,Tier,Lincoln,Lincoln,New Enrollment,Enrolled,Active,1,7000,300,3600,{},2025-10-19T15:20:00.000Z,2025-10-20T16:30:00.000Z,null,null,"Gaurav Malhotra,GM,9844111222,gaurav@maxride.com",system,1718745600,2025-10-20 16:35:00,system,1718745900,2025-10-20 16:40:00,2025-10-20,null,null,null
FES20021,REV1,2025-10-21T11:30:00.000Z,Urban Auto House,PA021,India,Open,CRM,CRM-Basic,CRM001,CRM-SKU01,CRM001-CRM-SKU01,Add-on,Ford,Ford,New Enrollment,Enrolled,Active,1,5000,200,2400,{},2025-10-20T10:15:00.000Z,2025-10-21T11:20:00.000Z,null,null,"Yashwant Iyer,Director,9833330001,yash@urbanauto.com",system,1718830800,2025-10-21 11:25:00,system,1718831100,2025-10-21 11:30:00,2025-10-21,null,null,null
FES20022,REV1,2025-10-22T14:15:00.000Z,Rapid Motors,PA022,India,Open,CRM,CRM-Standard,CRM002,CRM-SKU02,CRM002-CRM-SKU02,Tier,Dual,Lincoln,New Enrollment,Enrolled,Active,1,7000,300,3600,{},2025-10-21T13:05:00.000Z,2025-10-22T14:05:00.000Z,null,null,"Ashok Menon,GM,9811776655,ashok@rapidmotors.com",system,1718916900,2025-10-22 14:10:00,system,1718917200,2025-10-22 14:15:00,2025-10-22,null,null,null
FES20023,REV2,2025-10-23T10:55:00.000Z,MetroRide Cars,PA023,India,Open,CRM,CRM-Basic,CRM001,CRM-SKU01,CRM001-CRM-SKU01,Add-on,Lincoln,Ford,New Enrollment,Enrolled,Active,1,5000,200,2400,{},2025-10-22T09:45:00.000Z,2025-10-23T10:45:00.000Z,null,null,"Anil Suri,Sales Lead,9899911112,anil@metroride.com",system,1719003300,2025-10-23 10:50:00,system,1719003600,2025-10-23 10:55:00,2025-10-23,null,null,null
FES20024,REV1,2025-10-24T15:25:00.000Z,Prestige AutoMall,PA024,India,Open,CRM,CRM-Standard,CRM002,CRM-SKU02,CRM002-CRM-SKU02,Tier,Ford,Lincoln,New Enrollment,Enrolled,Active,1,7000,300,3600,{},2025-10-23T14:10:00.000Z,2025-10-24T15:10:00.000Z,null,null,"Vineet Jain,Manager,9811166600,vineet@prestigeauto.com",system,1719089100,2025-10-24 15:20:00,system,1719089400,2025-10-24 15:25:00,2025-10-24,null,null,null
FES20025,REV3,2025-10-25T09:15:00.000Z,AutoSphere India,PA025,India,Open,CRM,CRM-Standard,CRM002,CRM-SKU02,CRM002-CRM-SKU02,Add-on,Dual,Ford,New Enrollment,Enrolled,Active,1,7000,300,3600,{},2025-10-24T08:00:00.000Z,2025-10-25T09:05:00.000Z,null,null,"Rajat Arora,GM,9844552211,rajat@autosphere.com",system,1719176100,2025-10-25 09:10:00,system,1719176400,2025-10-25 09:15:00,2025-10-25,null,null,null
FES20026,REV1,2025-10-26T12:40:00.000Z,AutoGalaxy,PA026,India,Open,CRM,CRM-Basic,CRM001,CRM-SKU01,CRM001-CRM-SKU01,Tier,Lincoln,Ford,New Enrollment,Enrolled,Active,1,5000,200,2400,{},2025-10-25T11:20:00.000Z,2025-10-26T12:30:00.000Z,null,null,"Sagar Thakur,Sales Manager,9898881234,sagar@autogalaxy.com",system,1719261600,2025-10-26 12:35:00,system,1719261900,2025-10-26 12:40:00,2025-10-26,null,null,null
FES20027,REV2,2025-10-27T16:00:00.000Z,DriveTech Motors,PA027,India,Open,CRM,CRM-Standard,CRM002,CRM-SKU02,CRM002-CRM-SKU02,Add-on,Ford,Lincoln,New Enrollment,Enrolled,Active,1,7000,300,3600,{},2025-10-26T14:50:00.000Z,2025-10-27T15:55:00.000Z,null,null,"Rhea Pandey,Director,9876601111,rhea@drivetech.com",system,1719345600,2025-10-27 15:58:00,system,1719345900,2025-10-27 16:00:00,2025-10-27,null,null,null
FES20028,REV1,2025-10-28T13:45:00.000Z,PrimeDrive Motors,PA028,India,Open,CRM,CRM-Basic,CRM001,CRM-SKU01,CRM001-CRM-SKU01,Tier,Dual,Ford,New Enrollment,Enrolled,Active,1,5000,200,2400,{},2025-10-27T12:25:00.000Z,2025-10-28T13:40:00.000Z,null,null,"Sanjana Kohli,GM,9843322442,sanjana@primedrive.com",system,1719431100,2025-10-28 13:42:00,system,1719431400,2025-10-28 13:45:00,2025-10-28,null,null,null
FES20029,REV3,2025-10-29T11:20:00.000Z,AutoMax India,PA029,India,Open,CRM,CRM-Standard,CRM002,CRM-SKU02,CRM002-CRM-SKU02,Add-on,Lincoln,Ford,New Enrollment,Enrolled,Active,1,7000,300,3600,{},2025-10-28T10:10:00.000Z,2025-10-29T11:10:00.000Z,null,null,"Mahesh Balan,Sales Lead,9876665544,mahesh@automax.com",system,1719516000,2025-10-29 11:15:00,system,1719516300,2025-10-29 11:20:00,2025-10-29,null,null,null
FES20030,REV1,2025-10-30T09:40:00.000Z,AutoWorld Express,PA030,India,Open,CRM,CRM-Basic,CRM001,CRM-SKU01,CRM001-CRM-SKU01,Tier,Ford,Lincoln,New Enrollment,Enrolled,Active,1,5000,200,2400,{},2025-10-29T08:30:00.000Z,2025-10-30T09:30:00.000Z,null,null,"Suraj Gupta,Sales Manager,9822333444,suraj@autoworld.com",system,1719601800,2025-10-30 09:35:00,system,1719602100,2025-10-30 09:40:00,2025-10-30,null,null,null
FES20031,REV1,2025-10-31T14:55:00.000Z,City Auto Plaza,PA031,India,Open,CRM,CRM-Standard,CRM002,CRM-SKU02,CRM002-CRM-SKU02,Add-on,Dual,Ford,New Enrollment,Enrolled,Active,1,7000,300,3600,{},2025-10-30T13:45:00.000Z,2025-10-31T14:45:00.000Z,null,null,"Imran Shaikh,GM,9812234566,imran@cityauto.com",system,1719688500,2025-10-31 14:50:00,system,1719688800,2025-10-31 14:55:00,2025-10-31,null,null,null
FES20032,REV2,2025-11-01T10:10:00.000Z,National Auto,PA032,India,Open,CRM,CRM-Basic,CRM001,CRM-SKU01,CRM001-CRM-SKU01,Tier,Ford,Ford,New Enrollment,Enrolled,Active,1,5000,200,2400,{},2025-10-31T09:00:00.000Z,2025-11-01T10:00:00.000Z,null,null,"Akash Mehra,Director,9823445566,akash@nationalauto.com",system,1720017000,2025-11-01 10:05:00,system,1720017300,2025-11-01 10:10:00,2025-11-01,null,null,null
FES20033,REV1,2025-11-02T16:25:00.000Z,UrbanDrive Motors,PA033,India,Open,CRM,CRM-Standard,CRM002,CRM-SKU02,CRM002-CRM-SKU02,Add-on,Lincoln,Lincoln,New Enrollment,Enrolled,Active,1,7000,300,3600,{},2025-11-01T15:10:00.000Z,2025-11-02T16:15:00.000Z,null,null,"Kashish Arora,Sales Lead,9833445566,kashish@urbandrive.com",system,1720103100,2025-11-02 16:20:00,system,1720103400,2025-11-02 16:25:00,2025-11-02,null,null,null
FES20034,REV1,2025-11-03T12:45:00.000Z,AutoPrime,PA034,India,Open,CRM,CRM-Basic,CRM001,CRM-SKU01,CRM001-CRM-SKU01,Tier,Dual,Ford,New Enrollment,Enrolled,Active,1,5000,200,2400,{},2025-11-02T11:20:00.000Z,2025-11-03T12:35:00.000Z,null,null,"Roshni Kaul,Manager,9812211133,roshni@autoprime.com",system,1720188900,2025-11-03 12:40:00,system,1720189200,2025-11-03 12:45:00,2025-11-03,null,null,null
FES20035,REV1,2025-11-04T14:05:00.000Z,Royal Auto Line,PA035,India,Open,CRM,CRM-Standard,CRM002,CRM-SKU02,CRM002-CRM-SKU02,Add-on,Ford,Lincoln,New Enrollment,Enrolled,Active,1,7000,300,3600,{},2025-11-03T12:50:00.000Z,2025-11-04T13:55:00.000Z,null,null,"Shruti Verma,GM,9897766550,shruti@royalauto.com",system,1720274700,2025-11-04 14:00:00,system,1720275000,2025-11-04 14:05:00,2025-11-04,null,null,null
FES20036,REV2,2025-11-05T10:35:00.000Z,SuperAuto Hub,PA036,India,Open,CRM,CRM-Basic,CRM001,CRM-SKU01,CRM001-CRM-SKU01,Tier,Lincoln,Ford,New Enrollment,Enrolled,Active,1,5000,200,2400,{},2025-11-04T09:30:00.000Z,2025-11-05T10:25:00.000Z,null,null,"Raman Dixit,Sales Lead,9811199880,raman@superauto.com",system,1720360500,2025-11-05 10:30:00,system,1720360800,2025-11-05 10:35:00,2025-11-05,null,null,null
FES20037,REV1,2025-11-06T12:55:00.000Z,GalaxyDrive,PA037,India,Open,CRM,CRM-Standard,CRM002,CRM-SKU02,CRM002-CRM-SKU02,Add-on,Dual,Ford,New Enrollment,Enrolled,Active,1,7000,300,3600,{},2025-11-05T11:20:00.000Z,2025-11-06T12:45:00.000Z,null,null,"Aisha Khan,Head-Sales,9899988221,aisha@galaxydrive.com",system,1720446300,2025-11-06 12:50:00,system,1720446600,2025-11-06 12:55:00,2025-11-06,null,null,null
FES20038,REV1,2025-11-07T11:40:00.000Z,DriveMasters,PA038,India,Open,CRM,CRM-Basic,CRM001,CRM-SKU01,CRM001-CRM-SKU01,Tier,Ford,Lincoln,New Enrollment,Enrolled,Active,1,5000,200,2400,{},2025-11-06T10:20:00.000Z,2025-11-07T11:30:00.000Z,null,null,"Kunal Singh,GM,9844111122,kunal@drivemasters.com",system,1720532400,2025-11-07 11:35:00,system,1720532700,2025-11-07 11:40:00,2025-11-07,null,null,null
FES20039,REV2,2025-11-08T15:20:00.000Z,AutoSpace India,PA039,India,Open,CRM,CRM-Standard,CRM002,CRM-SKU02,CRM002-CRM-SKU02,Add-on,Lincoln,Ford,New Enrollment,Enrolled,Active,1,7000,300,3600,{},2025-11-07T14:00:00.000Z,2025-11-08T15:10:00.000Z,null,null,"Nilesh Rawat,Director,9811122233,nilesh@autospace.com",system,1720618800,2025-11-08 15:15:00,system,1720619100,2025-11-08 15:20:00,2025-11-08,null,null,null
FES20040,REV1,2025-11-09T13:00:00.000Z,SpeedLine Motors,PA040,India,Open,CRM,CRM-Basic,CRM001,CRM-SKU01,CRM001-CRM-SKU01,Tier,Dual,Ford,New Enrollment,Enrolled,Active,1,5000,200,2400,{},2025-11-08T11:45:00.000Z,2025-11-09T12:50:00.000Z,null,null,"Tanvi Sharma,Manager,9833322211,tanvi@speedline.com",system,1720704600,2025-11-09 12:55:00,system,1720704900,2025-11-09 13:00:00,2025-11-09,null,null,null
FES20041,REV3,2025-11-10T10:15:00.000Z,PrimeAuto Cars,PA041,India,Open,CRM,CRM-Standard,CRM002,CRM-SKU02,CRM002-CRM-SKU02,Tier,Ford,Lincoln,New Enrollment,Enrolled,Active,1,7000,300,3600,{},2025-11-09T09:00:00.000Z,2025-11-10T10:05:00.000Z,null,null,"Ashish Verma,GM,9844441133,ashish@primeauto.com",system,1720790100,2025-11-10 10:10:00,system,1720790400,2025-11-10 10:15:00,2025-11-10,null,null,null
FES20042,REV1,2025-11-11T11:50:00.000Z,Crystal Motors,PA042,India,Open,CRM,CRM-Basic,CRM001,CRM-SKU01,CRM001-CRM-SKU01,Add-on,Lincoln,Ford,New Enrollment,Enrolled,Active,1,5000,200,2400,{},2025-11-10T10:45:00.000Z,2025-11-11T11:40:00.000Z,null,null,"Girish Nanda,Director,9811199111,girish@crystal.com",system,1720876200,2025-11-11 11:45:00,system,1720876500,2025-11-11 11:50:00,2025-11-11,null,null,null
FES20043,REV2,2025-11-12T14:30:00.000Z,AutoVibe India,PA043,India,Open,CRM,CRM-Standard,CRM002,CRM-SKU02,CRM002-CRM-SKU02,Tier,Dual,Lincoln,New Enrollment,Enrolled,Active,1,7000,300,3600,{},2025-11-11T13:20:00.000Z,2025-11-12T14:20:00.000Z,null,null,"Anita Kapur,Sales Head,9822211177,anita@autovibe.com",system,1720962600,2025-11-12 14:25:00,system,1720962900,2025-11-12 14:30:00,2025-11-12,null,null,null
FES20044,REV1,2025-11-13T16:40:00.000Z,AutoNest Motors,PA044,India,Open,CRM,CRM-Basic,CRM001,CRM-SKU01,CRM001-CRM-SKU01,Tier,Ford,Lincoln,New Enrollment,Enrolled,Active,1,5000,200,2400,{},2025-11-12T15:20:00.000Z,2025-11-13T16:30:00.000Z,null,null,"Mitesh Arora,Manager,9845544332,mitesh@autonest.com",system,1721048400,2025-11-13 16:35:00,system,1721048700,2025-11-13 16:40:00,2025-11-13,null,null,null
FES20045,REV1,2025-11-14T13:25:00.000Z,AutoEmpire,PA045,India,Open,CRM,CRM-Standard,CRM002,CRM-SKU02,CRM002-CRM-SKU02,Add-on,Lincoln,Ford,New Enrollment,Enrolled,Active,1,7000,300,3600,{},2025-11-13T12:10:00.000Z,2025-11-14T13:15:00.000Z,null,null,"Kamal Shukla,GM,9812211445,kamal@autoempire.com",system,1721135100,2025-11-14 13:20:00,system,1721135400,2025-11-14 13:25:00,2025-11-14,null,null,null
FES20046,REV1,2025-11-15T10:55:00.000Z,MetroAuto Corp,PA046,India,Open,CRM,CRM-Basic,CRM001,CRM-SKU01,CRM001-CRM-SKU01,Tier,Dual,Ford,New Enrollment,Enrolled,Active,1,5000,200,2400,{},2025-11-14T09:40:00.000Z,2025-11-15T10:45:00.000Z,null,null,"Anuj Khanna,Head-Sales,9876677788,anuj@metroauto.com",system,1721221500,2025-11-15 10:50:00,system,1721221800,2025-11-15 10:55:00,2025-11-15,null,null,null
FES20047,REV2,2025-11-16T12:35:00.000Z,DriveSmart India,PA047,India,Open,CRM,CRM-Standard,CRM002,CRM-SKU02,CRM002-CRM-SKU02,Add-on,Ford,Lincoln,New Enrollment,Enrolled,Active,1,7000,300,3600,{},2025-11-15T11:20:00.000Z,2025-11-16T12:25:00.000Z,null,null,"Ritu Sinha,Director,9890098877,ritu@drivesmart.com",system,1721307300,2025-11-16 12:30:00,system,1721307600,2025-11-16 12:35:00,2025-11-16,null,null,null
FES20048,REV1,2025-11-17T09:15:00.000Z,AutoLine India,PA048,India,Open,CRM,CRM-Basic,CRM001,CRM-SKU01,CRM001-CRM-SKU01,Tier,Lincoln,Ford,New Enrollment,Enrolled,Active,1,5000,200,2400,{},2025-11-16T08:00:00.000Z,2025-11-17T09:10:00.000Z,null,null,"Naman Bhatt,Manager,9811122299,naman@autoline.com",system,1721392500,2025-11-17 09:12:00,system,1721392800,2025-11-17 09:15:00,2025-11-17,null,null,null
FES20049,REV1,2025-11-18T15:55:00.000Z,BlueSky Motors,PA049,India,Open,CRM,CRM-Standard,CRM002,CRM-SKU02,CRM002-CRM-SKU02,Add-on,Dual,Lincoln,New Enrollment,Enrolled,Active,1,7000,300,3600,{},2025-11-17T14:40:00.000Z,2025-11-18T15:45:00.000Z,null,null,"Jayant Varma,Sales Head,9845566112,jayant@bluesky.com",system,1721478900,2025-11-18 15:50:00,system,1721479200,2025-11-18 15:55:00,2025-11-18,null,null,null
FES20050,REV1,2025-11-19T11:30:00.000Z,AutoKing India,PA050,India,Open,CRM,CRM-Basic,CRM001,CRM-SKU01,CRM001-CRM-SKU01,Tier,Ford,Ford,New Enrollment,Enrolled,Active,1,5000,200,2400,{},2025-11-18T10:15:00.000Z,2025-11-19T11:20:00.000Z,null,null,"Ketan Joshi,GM,9811100022,ketan@autoking.com",system,1721563800,2025-11-19 11:25:00,system,1721564100,2025-11-19 11:30:00,2025-11-19,null,null,null
FES1001,FES1001-R1,2025-10-01T10:15:00.000Z,AutoMax Motors,PAC001,India,Open,CRM,CRM Basic,CRM001,SKU001,CRM001-SKU001,Tier, Ford, Ford,New Enrollment,Enrolled,Active,1,15000,2000,24000,{},2025-10-01T09:00:00.000Z,2025-10-02T09:00:00.000Z,null, ,Rohit Sharma,Manager,9876543210,rohit.sharma@example.com,system,1759354500,2025-10-01 10:00:00,system,1759354500,2025-10-01 10:00:00,2025-10-01
FES1002,FES1002-R1,2025-10-02T11:20:00.000Z,Prime Auto Hub,PAC002,India,Open,CRM,CRM Basic,CRM001,SKU001,CRM001-SKU001,Tier, Ford, Ford,New Enrollment,Enrolled,Active,1,15000,2000,24000,{},2025-10-02T08:55:00.000Z,2025-10-03T09:00:00.000Z,null, ,Amit Verma,Director,9876543211,amit.verma@example.com,system,1759440900,2025-10-02 11:00:00,system,1759440900,2025-10-02 11:00:00,2025-10-02
FES1003,FES1003-R1,2025-10-03T12:35:00.000Z,Metro Ford,PAC003,India,Open,CRM,CRM Basic,CRM001,SKU001,CRM001-SKU001,Tier, Ford, Ford,New Enrollment,Enrolled,Active,1,15000,2000,24000,{},2025-10-03T10:10:00.000Z,2025-10-04T09:00:00.000Z,null, ,Suresh Gupta,Lead,9876543212,suresh.g@example.com,system,1759527300,2025-10-03 12:00:00,system,1759527300,2025-10-03 12:00:00,2025-10-03
FES1004,FES1004-R1,2025-10-04T09:45:00.000Z,DriveWay Motors,PAC004,India,Open,CRM,CRM Basic,CRM001,SKU001,CRM001-SKU001,Tier, Lincoln, Lincoln,New Enrollment,Enrolled,Active,1,15000,2000,24000,{},2025-10-04T09:00:00.000Z,2025-10-05T09:00:00.000Z,null, ,Neha Singh,Manager,9876543213,neha.singh@example.com,system,1759613700,2025-10-04 09:30:00,system,1759613700,2025-10-04 09:30:00,2025-10-04
FES1005,FES1005-R1,2025-10-05T14:10:00.000Z,RoadStar Ford,PAC005,India,Open,CRM,CRM Basic,CRM001,SKU001,CRM001-SKU001,Tier, Ford, Ford,New Enrollment,Enrolled,Active,1,15000,2000,24000,{},2025-10-05T10:30:00.000Z,2025-10-06T09:00:00.000Z,null, ,Karan Patel,Supervisor,9876543214,karan.patel@example.com,system,1759701000,2025-10-05 14:00:00,system,1759701000,2025-10-05 14:00:00,2025-10-05
FES1006,FES1006-R1,2025-10-06T11:25:00.000Z,Elite Auto Mall,PAC006,India,Open,CRM,CRM Basic,CRM001,SKU001,CRM001-SKU001,Tier, Ford, Ford,New Enrollment,Enrolled,Active,1,15000,2000,24000,{},2025-10-06T09:15:00.000Z,2025-10-07T09:00:00.000Z,null, ,Simran Arora,Manager,9876543215,simran.arora@example.com,system,1759787100,2025-10-06 11:15:00,system,1759787100,2025-10-06 11:15:00,2025-10-06
FES1007,FES1007-R1,2025-10-07T15:40:00.000Z,Galaxy Motors,PAC007,India,Open,CRM,CRM Basic,CRM001,SKU001,CRM001-SKU001,Tier, Quicklane, Quicklane,New Enrollment,Enrolled,Active,1,15000,2000,24000,{},2025-10-07T10:00:00.000Z,2025-10-08T09:00:00.000Z,null, ,Ravi Kumar,Exec,9876543216,ravi.k@example.com,system,1759874400,2025-10-07 15:30:00,system,1759874400,2025-10-07 15:30:00,2025-10-07
FES1008,FES1008-R1,2025-10-08T13:55:00.000Z,BlueLine Ford,PAC008,India,Open,CRM,CRM Basic,CRM001,SKU001,CRM001-SKU001,Tier, Ford, Ford,New Enrollment,Enrolled,Active,1,15000,2000,24000,{},2025-10-08T10:20:00.000Z,2025-10-09T09:00:00.000Z,null, ,Anita Raj,Manager,9876543217,anita.raj@example.com,system,1759962900,2025-10-08 13:45:00,system,1759962900,2025-10-08 13:45:00,2025-10-08
FES1009,FES1009-R1,2025-10-09T16:05:00.000Z,SpeedTrack Auto,PAC009,India,Open,CRM,CRM Basic,CRM001,SKU001,CRM001-SKU001,Tier, Ford, Ford,New Enrollment,Enrolled,Active,1,15000,2000,24000,{},2025-10-09T10:30:00.000Z,2025-10-10T09:00:00.000Z,null, ,Priya Mehta,Head,9876543218,priya.mehta@example.com,system,1760049900,2025-10-09 16:00:00,system,1760049900,2025-10-09 16:00:00,2025-10-09
FES1010,FES1010-R1,2025-10-10T09:50:00.000Z,CityDrive Motors,PAC010,India,Open,CRM,CRM Basic,CRM001,SKU001,CRM001-SKU001,Tier, Lincoln, Lincoln,New Enrollment,Enrolled,Active,1,15000,2000,24000,{},2025-10-10T09:05:00.000Z,2025-10-11T09:00:00.000Z,null, ,Shivani Nair,Manager,9876543219,shivani.nair@example.com,system,1760131200,2025-10-10 09:45:00,system,1760131200,2025-10-10 09:45:00,2025-10-10
FES1011,FES1011-R1,2025-10-11T14:20:00.000Z,Fusion Auto,PAC011,India,Open,CRM,CRM Basic,CRM001,SKU001,CRM001-SKU001,Tier,Ford,Ford,New Enrollment,Enrolled,Active,1,15000,2000,24000,{},2025-10-11T10:00:00.000Z,2025-10-12T09:00:00.000Z,null, ,Lakshmi Rao,Manager,9876543220,lakshmi.rao@example.com,system,1760217600,2025-10-11 14:00:00,system,1760217600,2025-10-11 14:00:00,2025-10-11
FES1012,FES1012-R1,2025-10-12T12:10:00.000Z,Sunrise Motors,PAC012,India,Open,CRM,CRM Basic,CRM001,SKU001,CRM001-SKU001,Tier,Quicklane,Quicklane,New Enrollment,Enrolled,Active,1,15000,2000,24000,{},2025-10-12T09:10:00.000Z,2025-10-13T09:00:00.000Z,null, ,Harish Menon,Lead,9876543221,harish.m@example.com,system,1760303400,2025-10-12 12:00:00,system,1760303400,2025-10-12 12:00:00,2025-10-12
FES1013,FES1013-R1,2025-10-13T15:40:00.000Z,Velocity Ford,PAC013,India,Open,CRM,CRM Basic,CRM001,SKU001,CRM001-SKU001,Tier,Ford,Ford,New Enrollment,Enrolled,Active,1,15000,2000,24000,{},2025-10-13T10:15:00.000Z,2025-10-14T09:00:00.000Z,null, ,Mahesh Jha,Supervisor,9876543222,mahesh.j@example.com,system,1760390400,2025-10-13 15:30:00,system,1760390400,2025-10-13 15:30:00,2025-10-13
FES1014,FES1014-R1,2025-10-14T11:25:00.000Z,Riverland Auto,PAC014,India,Open,CRM,CRM Basic,CRM001,SKU001,CRM001-SKU001,Tier,Lincoln,Lincoln,New Enrollment,Enrolled,Active,1,15000,2000,24000,{},2025-10-14T09:00:00.000Z,2025-10-15T09:00:00.000Z,null, ,Shalini Desai,Manager,9876543223,shalini.desai@example.com,system,1760475900,2025-10-14 11:20:00,system,1760475900,2025-10-14 11:20:00,2025-10-14
FES1015,FES1015-R1,2025-10-15T16:50:00.000Z,Trailblazer Motors,PAC015,India,Open,CRM,CRM Basic,CRM001,SKU001,CRM001-SKU001,Tier,Ford,Ford,New Enrollment,Enrolled,Active,1,15000,2000,24000,{},2025-10-15T10:40:00.000Z,2025-10-16T09:00:00.000Z,null, ,Nikhil Grover,Director,9876543224,nikhil.g@example.com,system,1760562600,2025-10-15 16:40:00,system,1760562600,2025-10-15 16:40:00,2025-10-15
FES1016,FES1016-R1,2025-10-16T09:30:00.000Z,MotorWorld,PAC016,India,Open,CRM,CRM Basic,CRM001,SKU001,CRM001-SKU001,Tier,Quicklane,Quicklane,New Enrollment,Enrolled,Active,1,15000,2000,24000,{},2025-10-16T09:00:00.000Z,2025-10-17T09:00:00.000Z,null, ,Anupam Sinha,Exec,9876543225,anupam.s@example.com,system,1760645400,2025-10-16 09:20:00,system,1760645400,2025-10-16 09:20:00,2025-10-16
FES1017,FES1017-R1,2025-10-17T14:55:00.000Z,TopGear Auto,PAC017,India,Open,CRM,CRM Basic,CRM001,SKU001,CRM001-SKU001,Tier,Ford,Ford,New Enrollment,Enrolled,Active,1,15000,2000,24000,{},2025-10-17T10:05:00.000Z,2025-10-18T09:00:00.000Z,null, ,Gautam Pillai,Manager,9876543226,gautam.p@example.com,system,1760732100,2025-10-17 14:45:00,system,1760732100,2025-10-17 14:45:00,2025-10-17
FES1018,FES1018-R1,2025-10-18T11:40:00.000Z,Magna Motors,PAC018,India,Open,CRM,CRM Basic,CRM001,SKU001,CRM001-SKU001,Tier,Ford,Ford,New Enrollment,Enrolled,Active,1,15000,2000,24000,{},2025-10-18T09:15:00.000Z,2025-10-19T09:00:00.000Z,null, ,Kavita Reddy,Lead,9876543227,kavita.r@example.com,system,1760818800,2025-10-18 11:30:00,system,1760818800,2025-10-18 11:30:00,2025-10-18
FES1019,FES1019-R1,2025-10-19T15:20:00.000Z,UrbanDrive,PAC019,India,Open,CRM,CRM Basic,CRM001,SKU001,CRM001-SKU001,Tier,Lincoln,Lincoln,New Enrollment,Enrolled,Active,1,15000,2000,24000,{},2025-10-19T10:30:00.000Z,2025-10-20T09:00:00.000Z,null, ,Rhea Malhotra,Manager,9876543228,rhea.malhotra@example.com,system,1760906400,2025-10-19 15:10:00,system,1760906400,2025-10-19 15:10:00,2025-10-19
FES1020,FES1020-R1,2025-10-20T09:55:00.000Z,DriveX Motors,PAC020,India,Open,CRM,CRM Basic,CRM001,SKU001,CRM001-SKU001,Tier,Ford,Ford,New Enrollment,Enrolled,Active,1,15000,2000,24000,{},2025-10-20T09:00:00.000Z,2025-10-21T09:00:00.000Z,null, ,Tarun Bhatia,Exec,9876543229,tarun.b@example.com,system,1760988900,2025-10-20 09:45:00,system,1760988900,2025-10-20 09:45:00,2025-10-20
FES1021,FES1021-R1,2025-10-21T13:40:00.000Z,Autoking Motors,PAC021,India,Open,CRM,CRM Basic,CRM001,SKU001,CRM001-SKU001,Tier,Quicklane,Quicklane,New Enrollment,Enrolled,Active,1,15000,2000,24000,{},2025-10-21T10:10:00.000Z,2025-10-22T09:00:00.000Z,null, ,Nisha Kulkarni,Manager,9876543230,nisha.k@example.com,system,1761075600,2025-10-21 13:30:00,system,1761075600,2025-10-21 13:30:00,2025-10-21
FES1022,FES1022-R1,2025-10-22T12:25:00.000Z,Highway Motors,PAC022,India,Open,CRM,CRM Basic,CRM001,SKU001,CRM001-SKU001,Tier,Ford,Ford,New Enrollment,Enrolled,Active,1,15000,2000,24000,{},2025-10-22T09:25:00.000Z,2025-10-23T09:00:00.000Z,null, ,Manoj Sen,Lead,9876543231,manoj.s@example.com,system,1761161100,2025-10-22 12:15:00,system,1761161100,2025-10-22 12:15:00,2025-10-22
FES1023,FES1023-R1,2025-10-23T16:50:00.000Z,Orbit Auto,PAC023,India,Open,CRM,CRM Basic,CRM001,SKU001,CRM001-SKU001,Tier,Lincoln,Lincoln,New Enrollment,Enrolled,Active,1,15000,2000,24000,{},2025-10-23T10:45:00.000Z,2025-10-24T09:00:00.000Z,null, ,Sarita Dube,Manager,9876543232,sarita.d@example.com,system,1761247800,2025-10-23 16:40:00,system,1761247800,2025-10-23 16:40:00,2025-10-23
FES1024,FES1024-R1,2025-10-24T11:35:00.000Z,Vision Motors,PAC024,India,Open,CRM,CRM Basic,CRM001,SKU001,CRM001-SKU001,Tier,Ford,Ford,New Enrollment,Enrolled,Active,1,15000,2000,24000,{},2025-10-24T09:05:00.000Z,2025-10-25T09:00:00.000Z,null, ,Devika Soni,Supervisor,9876543233,devika.s@example.com,system,1761333300,2025-10-24 11:30:00,system,1761333300,2025-10-24 11:30:00,2025-10-24
FES1025,FES1025-R1,2025-10-25T09:40:00.000Z,BlueSky Auto,PAC025,India,Open,CRM,CRM Basic,CRM001,SKU001,CRM001-SKU001,Tier,Quicklane,Quicklane,New Enrollment,Enrolled,Active,1,15000,2000,24000,{},2025-10-25T09:00:00.000Z,2025-10-26T09:00:00.000Z,null, ,Jatin Kaur,Manager,9876543234,jatin.k@example.com,system,1761415200,2025-10-25 09:30:00,system,1761415200,2025-10-25 09:30:00,2025-10-25
FES1026,FES1026-R1,2025-10-26T14:55:00.000Z,Maximus Motors,PAC026,India,Open,CRM,CRM Basic,CRM001,SKU001,CRM001-SKU001,Tier,Ford,Ford,New Enrollment,Enrolled,Active,1,15000,2000,24000,{},2025-10-26T10:10:00.000Z,2025-10-27T09:00:00.000Z,null, ,Anmol Verma,Lead,9876543235,anmol.v@example.com,system,1761503100,2025-10-26 14:50:00,system,1761503100,2025-10-26 14:50:00,2025-10-26
FES1027,FES1027-R1,2025-10-27T16:20:00.000Z,RapidRide,PAC027,India,Open,CRM,CRM Basic,CRM001,SKU001,CRM001-SKU001,Tier,Lincoln,Lincoln,New Enrollment,Enrolled,Active,1,15000,2000,24000,{},2025-10-27T10:20:00.000Z,2025-10-28T09:00:00.000Z,null, ,Ritika Shah,Manager,9876543236,ritika.shah@example.com,system,1761589200,2025-10-27 16:10:00,system,1761589200,2025-10-27 16:10:00,2025-10-27
FES1028,FES1028-R1,2025-10-28T13:10:00.000Z,StreetLine Auto,PAC028,India,Open,CRM,CRM Basic,CRM001,SKU001,CRM001-SKU001,Tier,Ford,Ford,New Enrollment,Enrolled,Active,1,15000,2000,24000,{},2025-10-28T09:30:00.000Z,2025-10-29T09:00:00.000Z,null, ,Aditya Narang,Exec,9876543237,aditya.n@example.com,system,1761676200,2025-10-28 13:00:00,system,1761676200,2025-10-28 13:00:00,2025-10-28
FES1029,FES1029-R1,2025-10-29T15:45:00.000Z,Grand Auto Mall,PAC029,India,Open,CRM,CRM Basic,CRM001,SKU001,CRM001-SKU001,Tier,Quicklane,Quicklane,New Enrollment,Enrolled,Active,1,15000,2000,24000,{},2025-10-29T10:40:00.000Z,2025-10-30T09:00:00.000Z,null, ,Tanuj Gupta,Manager,9876543238,tanuj.g@example.com,system,1761763500,2025-10-29 15:35:00,system,1761763500,2025-10-29 15:35:00,2025-10-29
FES1030,FES1030-R1,2025-10-30T10:20:00.000Z,Silverline Motors,PAC030,India,Open,CRM,CRM Basic,CRM001,SKU001,CRM001-SKU001,Tier,Ford,Ford,New Enrollment,Enrolled,Active,1,15000,2000,24000,{},2025-10-30T09:00:00.000Z,2025-10-31T09:00:00.000Z,null, ,Deepika Jain,Lead,9876543239,deepika.j@example.com,system,1761847200,2025-10-30 10:10:00,system,1761847200,2025-10-30 10:10:00,2025-10-30
FES1031,FES1031-R1,2025-11-01T11:10:00.000Z,AutoCity Motors,PAC031,India,Open,CRM,CRM Basic,CRM001,SKU001,CRM001-SKU001,Tier,Ford,Ford,New Enrollment,Enrolled,Active,1,15000,2000,24000,{},2025-11-01T09:00:00.000Z,2025-11-02T09:00:00.000Z,null, ,Siddharth Rao,Manager,9876543240,siddharth.rao@example.com,system,1762013400,2025-11-01 11:00:00,system,1762013400,2025-11-01 11:00:00,2025-11-01
FES1032,FES1032-R1,2025-11-02T14:35:00.000Z,GreenWheel Auto,PAC032,India,Open,CRM,CRM Basic,CRM001,SKU001,CRM001-SKU001,Tier,Lincoln,Lincoln,New Enrollment,Enrolled,Active,1,15000,2000,24000,{},2025-11-02T10:00:00.000Z,2025-11-03T09:00:00.000Z,null, ,Minal Singh,Lead,9876543241,minal.s@example.com,system,1762098900,2025-11-02 14:30:00,system,1762098900,2025-11-02 14:30:00,2025-11-02
FES1033,FES1033-R1,2025-11-03T16:55:00.000Z,PrimeDrive Motors,PAC033,India,Open,CRM,CRM Basic,CRM001,SKU001,CRM001-SKU001,Tier,Ford,Ford,New Enrollment,Enrolled,Active,1,15000,2000,24000,{},2025-11-03T10:30:00.000Z,2025-11-04T09:00:00.000Z,null, ,Jay Mehra,Manager,9876543242,jay.m@example.com,system,1762185300,2025-11-03 16:50:00,system,1762185300,2025-11-03 16:50:00,2025-11-03
FES1034,FES1034-R1,2025-11-04T13:20:00.000Z,AutoSphere,PAC034,India,Open,CRM,CRM Basic,CRM001,SKU001,CRM001-SKU001,Tier,Quicklane,Quicklane,New Enrollment,Enrolled,Active,1,15000,2000,24000,{},2025-11-04T09:15:00.000Z,2025-11-05T09:00:00.000Z,null, ,Pooja Kapoor,Manager,9876543243,pooja.k@example.com,system,1762270800,2025-11-04 13:10:00,system,1762270800,2025-11-04 13:10:00,2025-11-04
FES1035,FES1035-R1,2025-11-05T11:40:00.000Z,NexGen Auto,PAC035,India,Open,CRM,CRM Basic,CRM001,SKU001,CRM001-SKU001,Tier,Ford,Ford,New Enrollment,Enrolled,Active,1,15000,2000,24000,{},2025-11-05T09:05:00.000Z,2025-11-06T09:00:00.000Z,null, ,Ishant Kohli,Lead,9876543244,ishant.k@example.com,system,1762356000,2025-11-05 11:35:00,system,1762356000,2025-11-05 11:35:00,2025-11-05
FES1036,FES1036-R1,2025-11-06T10:55:00.000Z,GlobalDrive Auto,PAC036,India,Open,CRM,CRM Basic,CRM001,SKU001,CRM001-SKU001,Tier,Lincoln,Lincoln,New Enrollment,Enrolled,Active,1,15000,2000,24000,{},2025-11-06T09:00:00.000Z,2025-11-07T09:00:00.000Z,null, ,Yash Tandon,Manager,9876543245,yash.t@example.com,system,1762442100,2025-11-06 10:50:00,system,1762442100,2025-11-06 10:50:00,2025-11-06
FES1037,FES1037-R1,2025-11-07T16:40:00.000Z,CityLine Motors,PAC037,India,Open,CRM,CRM Basic,CRM001,SKU001,CRM001-SKU001,Tier,Quicklane,Quicklane,New Enrollment,Enrolled,Active,1,15000,2000,24000,{},2025-11-07T10:30:00.000Z,2025-11-08T09:00:00.000Z,null, ,Nitin Arora,Exec,9876543246,nitin.a@example.com,system,1762528800,2025-11-07 16:30:00,system,1762528800,2025-11-07 16:30:00,2025-11-07
FES1038,FES1038-R1,2025-11-08T13:05:00.000Z,DriveMax Auto,PAC038,India,Open,CRM,CRM Basic,CRM001,SKU001,CRM001-SKU001,Tier,Ford,Ford,New Enrollment,Enrolled,Active,1,15000,2000,24000,{},2025-11-08T09:20:00.000Z,2025-11-09T09:00:00.000Z,null, ,Puneet Suri,Lead,9876543247,puneet.s@example.com,system,1762614300,2025-11-08 13:00:00,system,1762614300,2025-11-08 13:00:00,2025-11-08
FES1039,FES1039-R1,2025-11-09T09:15:00.000Z,PowerDrive Motors,PAC039,India,Open,CRM,CRM Basic,CRM001,SKU001,CRM001-SKU001,Tier,Lincoln,Lincoln,New Enrollment,Enrolled,Active,1,15000,2000,24000,{},2025-11-09T09:05:00.000Z,2025-11-10T09:00:00.000Z,null, ,Naina Sood,Manager,9876543248,naina.s@example.com,system,1762697700,2025-11-09 09:10:00,system,1762697700,2025-11-09 09:10:00,2025-11-09
FES1040,FES1040-R1,2025-11-10T11:45:00.000Z,AutoGlobe,PAC040,India,Open,CRM,CRM Basic,CRM001,SKU001,CRM001-SKU001,Tier,Quicklane,Quicklane,New Enrollment,Enrolled,Active,1,15000,2000,24000,{},2025-11-10T09:30:00.000Z,2025-11-11T09:00:00.000Z,null, ,Keshav Raj,Director,9876543249,keshav.r@example.com,system,1762783500,2025-11-10 11:30:00,system,1762783500,2025-11-10 11:30:00,2025-11-10
